No.,groupNo,randomSeed,numberOfWorkers,maxSolverExecutionTimeInSeconds,processCount,processExecutionTimeMin,processExecutionTimeMax,computerCount,conflictPercentage,timeWeight,ProcessSortType,looseReviewRound
1,1,1,-1,-1,50,5,10,10,15,100,1,9
2,1,2,-1,-1,50,5,10,10,15,100,1,9
3,1,3,-1,-1,50,5,10,10,15,100,1,9
4,2,1,-1,-1,50,5,10,10,25,100,1,9
5,2,2,-1,-1,50,5,10,10,25,100,1,9
6,2,3,-1,-1,50,5,10,10,25,100,1,9
7,3,1,-1,-1,50,5,10,10,35,100,1,9
8,3,2,-1,-1,50,5,10,10,35,100,1,9
9,3,3,-1,-1,50,5,10,10,35,100,1,9
10,4,1,-1,-1,50,5,10,10,45,100,1,9
11,4,2,-1,-1,50,5,10,10,45,100,1,9
12,4,3,-1,-1,50,5,10,10,45,100,1,9
13,5,1,-1,-1,100,5,10,10,15,100,1,9
14,5,2,-1,-1,100,5,10,10,15,100,1,9
15,5,3,-1,-1,100,5,10,10,15,100,1,9
16,6,1,-1,-1,100,5,10,10,25,100,1,9
17,6,2,-1,-1,100,5,10,10,25,100,1,9
18,6,3,-1,-1,100,5,10,10,25,100,1,9
19,7,1,-1,-1,100,5,10,10,35,100,1,9
20,7,2,-1,-1,100,5,10,10,35,100,1,9
21,7,3,-1,-1,100,5,10,10,35,100,1,9
22,8,1,-1,-1,100,5,10,10,45,100,1,9
23,8,2,-1,-1,100,5,10,10,45,100,1,9
24,8,3,-1,-1,100,5,10,10,45,100,1,9
25,9,1,-1,-1,150,5,10,10,15,100,1,9
26,9,2,-1,-1,150,5,10,10,15,100,1,9
27,9,3,-1,-1,150,5,10,10,15,100,1,9
28,10,1,-1,-1,150,5,10,10,25,100,1,9
29,10,2,-1,-1,150,5,10,10,25,100,1,9
30,10,3,-1,-1,150,5,10,10,25,100,1,9
31,11,1,-1,-1,150,5,10,10,35,100,1,9
32,11,2,-1,-1,150,5,10,10,35,100,1,9
33,11,3,-1,-1,150,5,10,10,35,100,1,9
34,12,1,-1,-1,150,5,10,10,45,100,1,9
35,12,2,-1,-1,150,5,10,10,45,100,1,9
36,12,3,-1,-1,150,5,10,10,45,100,1,9
37,13,1,-1,-1,200,5,10,10,15,100,1,9
38,13,2,-1,-1,200,5,10,10,15,100,1,9
39,13,3,-1,-1,200,5,10,10,15,100,1,9
40,14,1,-1,-1,200,5,10,10,25,100,1,9
41,14,2,-1,-1,200,5,10,10,25,100,1,9
42,14,3,-1,-1,200,5,10,10,25,100,1,9
43,15,1,-1,-1,200,5,10,10,35,100,1,9
44,15,2,-1,-1,200,5,10,10,35,100,1,9
45,15,3,-1,-1,200,5,10,10,35,100,1,9
46,16,1,-1,-1,200,5,10,10,45,100,1,9
47,16,2,-1,-1,200,5,10,10,45,100,1,9
48,16,3,-1,-1,200,5,10,10,45,100,1,9
49,1,1,-1,-1,50,5,10,10,15,100,2,9
50,1,2,-1,-1,50,5,10,10,15,100,2,9
51,1,3,-1,-1,50,5,10,10,15,100,2,9
52,2,1,-1,-1,50,5,10,10,25,100,2,9
53,2,2,-1,-1,50,5,10,10,25,100,2,9
54,2,3,-1,-1,50,5,10,10,25,100,2,9
55,3,1,-1,-1,50,5,10,10,35,100,2,9
56,3,2,-1,-1,50,5,10,10,35,100,2,9
57,3,3,-1,-1,50,5,10,10,35,100,2,9
58,4,1,-1,-1,50,5,10,10,45,100,2,9
59,4,2,-1,-1,50,5,10,10,45,100,2,9
60,4,3,-1,-1,50,5,10,10,45,100,2,9
61,5,1,-1,-1,100,5,10,10,15,100,2,9
62,5,2,-1,-1,100,5,10,10,15,100,2,9
63,5,3,-1,-1,100,5,10,10,15,100,2,9
64,6,1,-1,-1,100,5,10,10,25,100,2,9
65,6,2,-1,-1,100,5,10,10,25,100,2,9
66,6,3,-1,-1,100,5,10,10,25,100,2,9
67,7,1,-1,-1,100,5,10,10,35,100,2,9
68,7,2,-1,-1,100,5,10,10,35,100,2,9
69,7,3,-1,-1,100,5,10,10,35,100,2,9
70,8,1,-1,-1,100,5,10,10,45,100,2,9
71,8,2,-1,-1,100,5,10,10,45,100,2,9
72,8,3,-1,-1,100,5,10,10,45,100,2,9
73,9,1,-1,-1,150,5,10,10,15,100,2,9
74,9,2,-1,-1,150,5,10,10,15,100,2,9
75,9,3,-1,-1,150,5,10,10,15,100,2,9
76,10,1,-1,-1,150,5,10,10,25,100,2,9
77,10,2,-1,-1,150,5,10,10,25,100,2,9
78,10,3,-1,-1,150,5,10,10,25,100,2,9
79,11,1,-1,-1,150,5,10,10,35,100,2,9
80,11,2,-1,-1,150,5,10,10,35,100,2,9
81,11,3,-1,-1,150,5,10,10,35,100,2,9
82,12,1,-1,-1,150,5,10,10,45,100,2,9
83,12,2,-1,-1,150,5,10,10,45,100,2,9
84,12,3,-1,-1,150,5,10,10,45,100,2,9
85,13,1,-1,-1,200,5,10,10,15,100,2,9
86,13,2,-1,-1,200,5,10,10,15,100,2,9
87,13,3,-1,-1,200,5,10,10,15,100,2,9
88,14,1,-1,-1,200,5,10,10,25,100,2,9
89,14,2,-1,-1,200,5,10,10,25,100,2,9
90,14,3,-1,-1,200,5,10,10,25,100,2,9
91,15,1,-1,-1,200,5,10,10,35,100,2,9
92,15,2,-1,-1,200,5,10,10,35,100,2,9
93,15,3,-1,-1,200,5,10,10,35,100,2,9
94,16,1,-1,-1,200,5,10,10,45,100,2,9
95,16,2,-1,-1,200,5,10,10,45,100,2,9
96,16,3,-1,-1,200,5,10,10,45,100,2,9
97,1,1,-1,-1,50,5,10,10,15,100,3,9
98,1,2,-1,-1,50,5,10,10,15,100,3,9
99,1,3,-1,-1,50,5,10,10,15,100,3,9
100,2,1,-1,-1,50,5,10,10,25,100,3,9
101,2,2,-1,-1,50,5,10,10,25,100,3,9
102,2,3,-1,-1,50,5,10,10,25,100,3,9
103,3,1,-1,-1,50,5,10,10,35,100,3,9
104,3,2,-1,-1,50,5,10,10,35,100,3,9
105,3,3,-1,-1,50,5,10,10,35,100,3,9
106,4,1,-1,-1,50,5,10,10,45,100,3,9
107,4,2,-1,-1,50,5,10,10,45,100,3,9
108,4,3,-1,-1,50,5,10,10,45,100,3,9
109,5,1,-1,-1,100,5,10,10,15,100,3,9
110,5,2,-1,-1,100,5,10,10,15,100,3,9
111,5,3,-1,-1,100,5,10,10,15,100,3,9
112,6,1,-1,-1,100,5,10,10,25,100,3,9
113,6,2,-1,-1,100,5,10,10,25,100,3,9
114,6,3,-1,-1,100,5,10,10,25,100,3,9
115,7,1,-1,-1,100,5,10,10,35,100,3,9
116,7,2,-1,-1,100,5,10,10,35,100,3,9
117,7,3,-1,-1,100,5,10,10,35,100,3,9
118,8,1,-1,-1,100,5,10,10,45,100,3,9
119,8,2,-1,-1,100,5,10,10,45,100,3,9
120,8,3,-1,-1,100,5,10,10,45,100,3,9
121,9,1,-1,-1,150,5,10,10,15,100,3,9
122,9,2,-1,-1,150,5,10,10,15,100,3,9
123,9,3,-1,-1,150,5,10,10,15,100,3,9
124,10,1,-1,-1,150,5,10,10,25,100,3,9
125,10,2,-1,-1,150,5,10,10,25,100,3,9
126,10,3,-1,-1,150,5,10,10,25,100,3,9
127,11,1,-1,-1,150,5,10,10,35,100,3,9
128,11,2,-1,-1,150,5,10,10,35,100,3,9
129,11,3,-1,-1,150,5,10,10,35,100,3,9
130,12,1,-1,-1,150,5,10,10,45,100,3,9
131,12,2,-1,-1,150,5,10,10,45,100,3,9
132,12,3,-1,-1,150,5,10,10,45,100,3,9
133,13,1,-1,-1,200,5,10,10,15,100,3,9
134,13,2,-1,-1,200,5,10,10,15,100,3,9
135,13,3,-1,-1,200,5,10,10,15,100,3,9
136,14,1,-1,-1,200,5,10,10,25,100,3,9
137,14,2,-1,-1,200,5,10,10,25,100,3,9
138,14,3,-1,-1,200,5,10,10,25,100,3,9
139,15,1,-1,-1,200,5,10,10,35,100,3,9
140,15,2,-1,-1,200,5,10,10,35,100,3,9
141,15,3,-1,-1,200,5,10,10,35,100,3,9
142,16,1,-1,-1,200,5,10,10,45,100,3,9
143,16,2,-1,-1,200,5,10,10,45,100,3,9
144,16,3,-1,-1,200,5,10,10,45,100,3,9
145,1,1,-1,-1,50,5,10,10,15,100,4,9
146,1,2,-1,-1,50,5,10,10,15,100,4,9
147,1,3,-1,-1,50,5,10,10,15,100,4,9
148,2,1,-1,-1,50,5,10,10,25,100,4,9
149,2,2,-1,-1,50,5,10,10,25,100,4,9
150,2,3,-1,-1,50,5,10,10,25,100,4,9
151,3,1,-1,-1,50,5,10,10,35,100,4,9
152,3,2,-1,-1,50,5,10,10,35,100,4,9
153,3,3,-1,-1,50,5,10,10,35,100,4,9
154,4,1,-1,-1,50,5,10,10,45,100,4,9
155,4,2,-1,-1,50,5,10,10,45,100,4,9
156,4,3,-1,-1,50,5,10,10,45,100,4,9
157,5,1,-1,-1,100,5,10,10,15,100,4,9
158,5,2,-1,-1,100,5,10,10,15,100,4,9
159,5,3,-1,-1,100,5,10,10,15,100,4,9
160,6,1,-1,-1,100,5,10,10,25,100,4,9
161,6,2,-1,-1,100,5,10,10,25,100,4,9
162,6,3,-1,-1,100,5,10,10,25,100,4,9
163,7,1,-1,-1,100,5,10,10,35,100,4,9
164,7,2,-1,-1,100,5,10,10,35,100,4,9
165,7,3,-1,-1,100,5,10,10,35,100,4,9
166,8,1,-1,-1,100,5,10,10,45,100,4,9
167,8,2,-1,-1,100,5,10,10,45,100,4,9
168,8,3,-1,-1,100,5,10,10,45,100,4,9
169,9,1,-1,-1,150,5,10,10,15,100,4,9
170,9,2,-1,-1,150,5,10,10,15,100,4,9
171,9,3,-1,-1,150,5,10,10,15,100,4,9
172,10,1,-1,-1,150,5,10,10,25,100,4,9
173,10,2,-1,-1,150,5,10,10,25,100,4,9
174,10,3,-1,-1,150,5,10,10,25,100,4,9
175,11,1,-1,-1,150,5,10,10,35,100,4,9
176,11,2,-1,-1,150,5,10,10,35,100,4,9
177,11,3,-1,-1,150,5,10,10,35,100,4,9
178,12,1,-1,-1,150,5,10,10,45,100,4,9
179,12,2,-1,-1,150,5,10,10,45,100,4,9
180,12,3,-1,-1,150,5,10,10,45,100,4,9
181,13,1,-1,-1,200,5,10,10,15,100,4,9
182,13,2,-1,-1,200,5,10,10,15,100,4,9
183,13,3,-1,-1,200,5,10,10,15,100,4,9
184,14,1,-1,-1,200,5,10,10,25,100,4,9
185,14,2,-1,-1,200,5,10,10,25,100,4,9
186,14,3,-1,-1,200,5,10,10,25,100,4,9
187,15,1,-1,-1,200,5,10,10,35,100,4,9
188,15,2,-1,-1,200,5,10,10,35,100,4,9
189,15,3,-1,-1,200,5,10,10,35,100,4,9
190,16,1,-1,-1,200,5,10,10,45,100,4,9
191,16,2,-1,-1,200,5,10,10,45,100,4,9
192,16,3,-1,-1,200,5,10,10,45,100,4,9
193,1,1,-1,-1,50,5,10,10,15,100,5,9
194,1,2,-1,-1,50,5,10,10,15,100,5,9
195,1,3,-1,-1,50,5,10,10,15,100,5,9
196,2,1,-1,-1,50,5,10,10,25,100,5,9
197,2,2,-1,-1,50,5,10,10,25,100,5,9
198,2,3,-1,-1,50,5,10,10,25,100,5,9
199,3,1,-1,-1,50,5,10,10,35,100,5,9
200,3,2,-1,-1,50,5,10,10,35,100,5,9
201,3,3,-1,-1,50,5,10,10,35,100,5,9
202,4,1,-1,-1,50,5,10,10,45,100,5,9
203,4,2,-1,-1,50,5,10,10,45,100,5,9
204,4,3,-1,-1,50,5,10,10,45,100,5,9
205,5,1,-1,-1,100,5,10,10,15,100,5,9
206,5,2,-1,-1,100,5,10,10,15,100,5,9
207,5,3,-1,-1,100,5,10,10,15,100,5,9
208,6,1,-1,-1,100,5,10,10,25,100,5,9
209,6,2,-1,-1,100,5,10,10,25,100,5,9
210,6,3,-1,-1,100,5,10,10,25,100,5,9
211,7,1,-1,-1,100,5,10,10,35,100,5,9
212,7,2,-1,-1,100,5,10,10,35,100,5,9
213,7,3,-1,-1,100,5,10,10,35,100,5,9
214,8,1,-1,-1,100,5,10,10,45,100,5,9
215,8,2,-1,-1,100,5,10,10,45,100,5,9
216,8,3,-1,-1,100,5,10,10,45,100,5,9
217,9,1,-1,-1,150,5,10,10,15,100,5,9
218,9,2,-1,-1,150,5,10,10,15,100,5,9
219,9,3,-1,-1,150,5,10,10,15,100,5,9
220,10,1,-1,-1,150,5,10,10,25,100,5,9
221,10,2,-1,-1,150,5,10,10,25,100,5,9
222,10,3,-1,-1,150,5,10,10,25,100,5,9
223,11,1,-1,-1,150,5,10,10,35,100,5,9
224,11,2,-1,-1,150,5,10,10,35,100,5,9
225,11,3,-1,-1,150,5,10,10,35,100,5,9
226,12,1,-1,-1,150,5,10,10,45,100,5,9
227,12,2,-1,-1,150,5,10,10,45,100,5,9
228,12,3,-1,-1,150,5,10,10,45,100,5,9
229,13,1,-1,-1,200,5,10,10,15,100,5,9
230,13,2,-1,-1,200,5,10,10,15,100,5,9
231,13,3,-1,-1,200,5,10,10,15,100,5,9
232,14,1,-1,-1,200,5,10,10,25,100,5,9
233,14,2,-1,-1,200,5,10,10,25,100,5,9
234,14,3,-1,-1,200,5,10,10,25,100,5,9
235,15,1,-1,-1,200,5,10,10,35,100,5,9
236,15,2,-1,-1,200,5,10,10,35,100,5,9
237,15,3,-1,-1,200,5,10,10,35,100,5,9
238,16,1,-1,-1,200,5,10,10,45,100,5,9
239,16,2,-1,-1,200,5,10,10,45,100,5,9
240,16,3,-1,-1,200,5,10,10,45,100,5,9
241,1,1,-1,-1,50,5,10,10,15,100,1,19
242,1,2,-1,-1,50,5,10,10,15,100,1,19
243,1,3,-1,-1,50,5,10,10,15,100,1,19
244,2,1,-1,-1,50,5,10,10,25,100,1,19
245,2,2,-1,-1,50,5,10,10,25,100,1,19
246,2,3,-1,-1,50,5,10,10,25,100,1,19
247,3,1,-1,-1,50,5,10,10,35,100,1,19
248,3,2,-1,-1,50,5,10,10,35,100,1,19
249,3,3,-1,-1,50,5,10,10,35,100,1,19
250,4,1,-1,-1,50,5,10,10,45,100,1,19
251,4,2,-1,-1,50,5,10,10,45,100,1,19
252,4,3,-1,-1,50,5,10,10,45,100,1,19
253,5,1,-1,-1,100,5,10,10,15,100,1,19
254,5,2,-1,-1,100,5,10,10,15,100,1,19
255,5,3,-1,-1,100,5,10,10,15,100,1,19
256,6,1,-1,-1,100,5,10,10,25,100,1,19
257,6,2,-1,-1,100,5,10,10,25,100,1,19
258,6,3,-1,-1,100,5,10,10,25,100,1,19
259,7,1,-1,-1,100,5,10,10,35,100,1,19
260,7,2,-1,-1,100,5,10,10,35,100,1,19
261,7,3,-1,-1,100,5,10,10,35,100,1,19
262,8,1,-1,-1,100,5,10,10,45,100,1,19
263,8,2,-1,-1,100,5,10,10,45,100,1,19
264,8,3,-1,-1,100,5,10,10,45,100,1,19
265,9,1,-1,-1,150,5,10,10,15,100,1,19
266,9,2,-1,-1,150,5,10,10,15,100,1,19
267,9,3,-1,-1,150,5,10,10,15,100,1,19
268,10,1,-1,-1,150,5,10,10,25,100,1,19
269,10,2,-1,-1,150,5,10,10,25,100,1,19
270,10,3,-1,-1,150,5,10,10,25,100,1,19
271,11,1,-1,-1,150,5,10,10,35,100,1,19
272,11,2,-1,-1,150,5,10,10,35,100,1,19
273,11,3,-1,-1,150,5,10,10,35,100,1,19
274,12,1,-1,-1,150,5,10,10,45,100,1,19
275,12,2,-1,-1,150,5,10,10,45,100,1,19
276,12,3,-1,-1,150,5,10,10,45,100,1,19
277,13,1,-1,-1,200,5,10,10,15,100,1,19
278,13,2,-1,-1,200,5,10,10,15,100,1,19
279,13,3,-1,-1,200,5,10,10,15,100,1,19
280,14,1,-1,-1,200,5,10,10,25,100,1,19
281,14,2,-1,-1,200,5,10,10,25,100,1,19
282,14,3,-1,-1,200,5,10,10,25,100,1,19
283,15,1,-1,-1,200,5,10,10,35,100,1,19
284,15,2,-1,-1,200,5,10,10,35,100,1,19
285,15,3,-1,-1,200,5,10,10,35,100,1,19
286,16,1,-1,-1,200,5,10,10,45,100,1,19
287,16,2,-1,-1,200,5,10,10,45,100,1,19
288,16,3,-1,-1,200,5,10,10,45,100,1,19
289,1,1,-1,-1,50,5,10,10,15,100,2,19
290,1,2,-1,-1,50,5,10,10,15,100,2,19
291,1,3,-1,-1,50,5,10,10,15,100,2,19
292,2,1,-1,-1,50,5,10,10,25,100,2,19
293,2,2,-1,-1,50,5,10,10,25,100,2,19
294,2,3,-1,-1,50,5,10,10,25,100,2,19
295,3,1,-1,-1,50,5,10,10,35,100,2,19
296,3,2,-1,-1,50,5,10,10,35,100,2,19
297,3,3,-1,-1,50,5,10,10,35,100,2,19
298,4,1,-1,-1,50,5,10,10,45,100,2,19
299,4,2,-1,-1,50,5,10,10,45,100,2,19
300,4,3,-1,-1,50,5,10,10,45,100,2,19
301,5,1,-1,-1,100,5,10,10,15,100,2,19
302,5,2,-1,-1,100,5,10,10,15,100,2,19
303,5,3,-1,-1,100,5,10,10,15,100,2,19
304,6,1,-1,-1,100,5,10,10,25,100,2,19
305,6,2,-1,-1,100,5,10,10,25,100,2,19
306,6,3,-1,-1,100,5,10,10,25,100,2,19
307,7,1,-1,-1,100,5,10,10,35,100,2,19
308,7,2,-1,-1,100,5,10,10,35,100,2,19
309,7,3,-1,-1,100,5,10,10,35,100,2,19
310,8,1,-1,-1,100,5,10,10,45,100,2,19
311,8,2,-1,-1,100,5,10,10,45,100,2,19
312,8,3,-1,-1,100,5,10,10,45,100,2,19
313,9,1,-1,-1,150,5,10,10,15,100,2,19
314,9,2,-1,-1,150,5,10,10,15,100,2,19
315,9,3,-1,-1,150,5,10,10,15,100,2,19
316,10,1,-1,-1,150,5,10,10,25,100,2,19
317,10,2,-1,-1,150,5,10,10,25,100,2,19
318,10,3,-1,-1,150,5,10,10,25,100,2,19
319,11,1,-1,-1,150,5,10,10,35,100,2,19
320,11,2,-1,-1,150,5,10,10,35,100,2,19
321,11,3,-1,-1,150,5,10,10,35,100,2,19
322,12,1,-1,-1,150,5,10,10,45,100,2,19
323,12,2,-1,-1,150,5,10,10,45,100,2,19
324,12,3,-1,-1,150,5,10,10,45,100,2,19
325,13,1,-1,-1,200,5,10,10,15,100,2,19
326,13,2,-1,-1,200,5,10,10,15,100,2,19
327,13,3,-1,-1,200,5,10,10,15,100,2,19
328,14,1,-1,-1,200,5,10,10,25,100,2,19
329,14,2,-1,-1,200,5,10,10,25,100,2,19
330,14,3,-1,-1,200,5,10,10,25,100,2,19
331,15,1,-1,-1,200,5,10,10,35,100,2,19
332,15,2,-1,-1,200,5,10,10,35,100,2,19
333,15,3,-1,-1,200,5,10,10,35,100,2,19
334,16,1,-1,-1,200,5,10,10,45,100,2,19
335,16,2,-1,-1,200,5,10,10,45,100,2,19
336,16,3,-1,-1,200,5,10,10,45,100,2,19
337,1,1,-1,-1,50,5,10,10,15,100,3,19
338,1,2,-1,-1,50,5,10,10,15,100,3,19
339,1,3,-1,-1,50,5,10,10,15,100,3,19
340,2,1,-1,-1,50,5,10,10,25,100,3,19
341,2,2,-1,-1,50,5,10,10,25,100,3,19
342,2,3,-1,-1,50,5,10,10,25,100,3,19
343,3,1,-1,-1,50,5,10,10,35,100,3,19
344,3,2,-1,-1,50,5,10,10,35,100,3,19
345,3,3,-1,-1,50,5,10,10,35,100,3,19
346,4,1,-1,-1,50,5,10,10,45,100,3,19
347,4,2,-1,-1,50,5,10,10,45,100,3,19
348,4,3,-1,-1,50,5,10,10,45,100,3,19
349,5,1,-1,-1,100,5,10,10,15,100,3,19
350,5,2,-1,-1,100,5,10,10,15,100,3,19
351,5,3,-1,-1,100,5,10,10,15,100,3,19
352,6,1,-1,-1,100,5,10,10,25,100,3,19
353,6,2,-1,-1,100,5,10,10,25,100,3,19
354,6,3,-1,-1,100,5,10,10,25,100,3,19
355,7,1,-1,-1,100,5,10,10,35,100,3,19
356,7,2,-1,-1,100,5,10,10,35,100,3,19
357,7,3,-1,-1,100,5,10,10,35,100,3,19
358,8,1,-1,-1,100,5,10,10,45,100,3,19
359,8,2,-1,-1,100,5,10,10,45,100,3,19
360,8,3,-1,-1,100,5,10,10,45,100,3,19
361,9,1,-1,-1,150,5,10,10,15,100,3,19
362,9,2,-1,-1,150,5,10,10,15,100,3,19
363,9,3,-1,-1,150,5,10,10,15,100,3,19
364,10,1,-1,-1,150,5,10,10,25,100,3,19
365,10,2,-1,-1,150,5,10,10,25,100,3,19
366,10,3,-1,-1,150,5,10,10,25,100,3,19
367,11,1,-1,-1,150,5,10,10,35,100,3,19
368,11,2,-1,-1,150,5,10,10,35,100,3,19
369,11,3,-1,-1,150,5,10,10,35,100,3,19
370,12,1,-1,-1,150,5,10,10,45,100,3,19
371,12,2,-1,-1,150,5,10,10,45,100,3,19
372,12,3,-1,-1,150,5,10,10,45,100,3,19
373,13,1,-1,-1,200,5,10,10,15,100,3,19
374,13,2,-1,-1,200,5,10,10,15,100,3,19
375,13,3,-1,-1,200,5,10,10,15,100,3,19
376,14,1,-1,-1,200,5,10,10,25,100,3,19
377,14,2,-1,-1,200,5,10,10,25,100,3,19
378,14,3,-1,-1,200,5,10,10,25,100,3,19
379,15,1,-1,-1,200,5,10,10,35,100,3,19
380,15,2,-1,-1,200,5,10,10,35,100,3,19
381,15,3,-1,-1,200,5,10,10,35,100,3,19
382,16,1,-1,-1,200,5,10,10,45,100,3,19
383,16,2,-1,-1,200,5,10,10,45,100,3,19
384,16,3,-1,-1,200,5,10,10,45,100,3,19
385,1,1,-1,-1,50,5,10,10,15,100,4,19
386,1,2,-1,-1,50,5,10,10,15,100,4,19
387,1,3,-1,-1,50,5,10,10,15,100,4,19
388,2,1,-1,-1,50,5,10,10,25,100,4,19
389,2,2,-1,-1,50,5,10,10,25,100,4,19
390,2,3,-1,-1,50,5,10,10,25,100,4,19
391,3,1,-1,-1,50,5,10,10,35,100,4,19
392,3,2,-1,-1,50,5,10,10,35,100,4,19
393,3,3,-1,-1,50,5,10,10,35,100,4,19
394,4,1,-1,-1,50,5,10,10,45,100,4,19
395,4,2,-1,-1,50,5,10,10,45,100,4,19
396,4,3,-1,-1,50,5,10,10,45,100,4,19
397,5,1,-1,-1,100,5,10,10,15,100,4,19
398,5,2,-1,-1,100,5,10,10,15,100,4,19
399,5,3,-1,-1,100,5,10,10,15,100,4,19
400,6,1,-1,-1,100,5,10,10,25,100,4,19
401,6,2,-1,-1,100,5,10,10,25,100,4,19
402,6,3,-1,-1,100,5,10,10,25,100,4,19
403,7,1,-1,-1,100,5,10,10,35,100,4,19
404,7,2,-1,-1,100,5,10,10,35,100,4,19
405,7,3,-1,-1,100,5,10,10,35,100,4,19
406,8,1,-1,-1,100,5,10,10,45,100,4,19
407,8,2,-1,-1,100,5,10,10,45,100,4,19
408,8,3,-1,-1,100,5,10,10,45,100,4,19
409,9,1,-1,-1,150,5,10,10,15,100,4,19
410,9,2,-1,-1,150,5,10,10,15,100,4,19
411,9,3,-1,-1,150,5,10,10,15,100,4,19
412,10,1,-1,-1,150,5,10,10,25,100,4,19
413,10,2,-1,-1,150,5,10,10,25,100,4,19
414,10,3,-1,-1,150,5,10,10,25,100,4,19
415,11,1,-1,-1,150,5,10,10,35,100,4,19
416,11,2,-1,-1,150,5,10,10,35,100,4,19
417,11,3,-1,-1,150,5,10,10,35,100,4,19
418,12,1,-1,-1,150,5,10,10,45,100,4,19
419,12,2,-1,-1,150,5,10,10,45,100,4,19
420,12,3,-1,-1,150,5,10,10,45,100,4,19
421,13,1,-1,-1,200,5,10,10,15,100,4,19
422,13,2,-1,-1,200,5,10,10,15,100,4,19
423,13,3,-1,-1,200,5,10,10,15,100,4,19
424,14,1,-1,-1,200,5,10,10,25,100,4,19
425,14,2,-1,-1,200,5,10,10,25,100,4,19
426,14,3,-1,-1,200,5,10,10,25,100,4,19
427,15,1,-1,-1,200,5,10,10,35,100,4,19
428,15,2,-1,-1,200,5,10,10,35,100,4,19
429,15,3,-1,-1,200,5,10,10,35,100,4,19
430,16,1,-1,-1,200,5,10,10,45,100,4,19
431,16,2,-1,-1,200,5,10,10,45,100,4,19
432,16,3,-1,-1,200,5,10,10,45,100,4,19
433,1,1,-1,-1,50,5,10,10,15,100,5,19
434,1,2,-1,-1,50,5,10,10,15,100,5,19
435,1,3,-1,-1,50,5,10,10,15,100,5,19
436,2,1,-1,-1,50,5,10,10,25,100,5,19
437,2,2,-1,-1,50,5,10,10,25,100,5,19
438,2,3,-1,-1,50,5,10,10,25,100,5,19
439,3,1,-1,-1,50,5,10,10,35,100,5,19
440,3,2,-1,-1,50,5,10,10,35,100,5,19
441,3,3,-1,-1,50,5,10,10,35,100,5,19
442,4,1,-1,-1,50,5,10,10,45,100,5,19
443,4,2,-1,-1,50,5,10,10,45,100,5,19
444,4,3,-1,-1,50,5,10,10,45,100,5,19
445,5,1,-1,-1,100,5,10,10,15,100,5,19
446,5,2,-1,-1,100,5,10,10,15,100,5,19
447,5,3,-1,-1,100,5,10,10,15,100,5,19
448,6,1,-1,-1,100,5,10,10,25,100,5,19
449,6,2,-1,-1,100,5,10,10,25,100,5,19
450,6,3,-1,-1,100,5,10,10,25,100,5,19
451,7,1,-1,-1,100,5,10,10,35,100,5,19
452,7,2,-1,-1,100,5,10,10,35,100,5,19
453,7,3,-1,-1,100,5,10,10,35,100,5,19
454,8,1,-1,-1,100,5,10,10,45,100,5,19
455,8,2,-1,-1,100,5,10,10,45,100,5,19
456,8,3,-1,-1,100,5,10,10,45,100,5,19
457,9,1,-1,-1,150,5,10,10,15,100,5,19
458,9,2,-1,-1,150,5,10,10,15,100,5,19
459,9,3,-1,-1,150,5,10,10,15,100,5,19
460,10,1,-1,-1,150,5,10,10,25,100,5,19
461,10,2,-1,-1,150,5,10,10,25,100,5,19
462,10,3,-1,-1,150,5,10,10,25,100,5,19
463,11,1,-1,-1,150,5,10,10,35,100,5,19
464,11,2,-1,-1,150,5,10,10,35,100,5,19
465,11,3,-1,-1,150,5,10,10,35,100,5,19
466,12,1,-1,-1,150,5,10,10,45,100,5,19
467,12,2,-1,-1,150,5,10,10,45,100,5,19
468,12,3,-1,-1,150,5,10,10,45,100,5,19
469,13,1,-1,-1,200,5,10,10,15,100,5,19
470,13,2,-1,-1,200,5,10,10,15,100,5,19
471,13,3,-1,-1,200,5,10,10,15,100,5,19
472,14,1,-1,-1,200,5,10,10,25,100,5,19
473,14,2,-1,-1,200,5,10,10,25,100,5,19
474,14,3,-1,-1,200,5,10,10,25,100,5,19
475,15,1,-1,-1,200,5,10,10,35,100,5,19
476,15,2,-1,-1,200,5,10,10,35,100,5,19
477,15,3,-1,-1,200,5,10,10,35,100,5,19
478,16,1,-1,-1,200,5,10,10,45,100,5,19
479,16,2,-1,-1,200,5,10,10,45,100,5,19
480,16,3,-1,-1,200,5,10,10,45,100,5,19
481,1,1,-1,-1,50,5,10,10,15,100,1,29
482,1,2,-1,-1,50,5,10,10,15,100,1,29
483,1,3,-1,-1,50,5,10,10,15,100,1,29
484,2,1,-1,-1,50,5,10,10,25,100,1,29
485,2,2,-1,-1,50,5,10,10,25,100,1,29
486,2,3,-1,-1,50,5,10,10,25,100,1,29
487,3,1,-1,-1,50,5,10,10,35,100,1,29
488,3,2,-1,-1,50,5,10,10,35,100,1,29
489,3,3,-1,-1,50,5,10,10,35,100,1,29
490,4,1,-1,-1,50,5,10,10,45,100,1,29
491,4,2,-1,-1,50,5,10,10,45,100,1,29
492,4,3,-1,-1,50,5,10,10,45,100,1,29
493,5,1,-1,-1,100,5,10,10,15,100,1,29
494,5,2,-1,-1,100,5,10,10,15,100,1,29
495,5,3,-1,-1,100,5,10,10,15,100,1,29
496,6,1,-1,-1,100,5,10,10,25,100,1,29
497,6,2,-1,-1,100,5,10,10,25,100,1,29
498,6,3,-1,-1,100,5,10,10,25,100,1,29
499,7,1,-1,-1,100,5,10,10,35,100,1,29
500,7,2,-1,-1,100,5,10,10,35,100,1,29
501,7,3,-1,-1,100,5,10,10,35,100,1,29
502,8,1,-1,-1,100,5,10,10,45,100,1,29
503,8,2,-1,-1,100,5,10,10,45,100,1,29
504,8,3,-1,-1,100,5,10,10,45,100,1,29
505,9,1,-1,-1,150,5,10,10,15,100,1,29
506,9,2,-1,-1,150,5,10,10,15,100,1,29
507,9,3,-1,-1,150,5,10,10,15,100,1,29
508,10,1,-1,-1,150,5,10,10,25,100,1,29
509,10,2,-1,-1,150,5,10,10,25,100,1,29
510,10,3,-1,-1,150,5,10,10,25,100,1,29
511,11,1,-1,-1,150,5,10,10,35,100,1,29
512,11,2,-1,-1,150,5,10,10,35,100,1,29
513,11,3,-1,-1,150,5,10,10,35,100,1,29
514,12,1,-1,-1,150,5,10,10,45,100,1,29
515,12,2,-1,-1,150,5,10,10,45,100,1,29
516,12,3,-1,-1,150,5,10,10,45,100,1,29
517,13,1,-1,-1,200,5,10,10,15,100,1,29
518,13,2,-1,-1,200,5,10,10,15,100,1,29
519,13,3,-1,-1,200,5,10,10,15,100,1,29
520,14,1,-1,-1,200,5,10,10,25,100,1,29
521,14,2,-1,-1,200,5,10,10,25,100,1,29
522,14,3,-1,-1,200,5,10,10,25,100,1,29
523,15,1,-1,-1,200,5,10,10,35,100,1,29
524,15,2,-1,-1,200,5,10,10,35,100,1,29
525,15,3,-1,-1,200,5,10,10,35,100,1,29
526,16,1,-1,-1,200,5,10,10,45,100,1,29
527,16,2,-1,-1,200,5,10,10,45,100,1,29
528,16,3,-1,-1,200,5,10,10,45,100,1,29
529,1,1,-1,-1,50,5,10,10,15,100,2,29
530,1,2,-1,-1,50,5,10,10,15,100,2,29
531,1,3,-1,-1,50,5,10,10,15,100,2,29
532,2,1,-1,-1,50,5,10,10,25,100,2,29
533,2,2,-1,-1,50,5,10,10,25,100,2,29
534,2,3,-1,-1,50,5,10,10,25,100,2,29
535,3,1,-1,-1,50,5,10,10,35,100,2,29
536,3,2,-1,-1,50,5,10,10,35,100,2,29
537,3,3,-1,-1,50,5,10,10,35,100,2,29
538,4,1,-1,-1,50,5,10,10,45,100,2,29
539,4,2,-1,-1,50,5,10,10,45,100,2,29
540,4,3,-1,-1,50,5,10,10,45,100,2,29
541,5,1,-1,-1,100,5,10,10,15,100,2,29
542,5,2,-1,-1,100,5,10,10,15,100,2,29
543,5,3,-1,-1,100,5,10,10,15,100,2,29
544,6,1,-1,-1,100,5,10,10,25,100,2,29
545,6,2,-1,-1,100,5,10,10,25,100,2,29
546,6,3,-1,-1,100,5,10,10,25,100,2,29
547,7,1,-1,-1,100,5,10,10,35,100,2,29
548,7,2,-1,-1,100,5,10,10,35,100,2,29
549,7,3,-1,-1,100,5,10,10,35,100,2,29
550,8,1,-1,-1,100,5,10,10,45,100,2,29
551,8,2,-1,-1,100,5,10,10,45,100,2,29
552,8,3,-1,-1,100,5,10,10,45,100,2,29
553,9,1,-1,-1,150,5,10,10,15,100,2,29
554,9,2,-1,-1,150,5,10,10,15,100,2,29
555,9,3,-1,-1,150,5,10,10,15,100,2,29
556,10,1,-1,-1,150,5,10,10,25,100,2,29
557,10,2,-1,-1,150,5,10,10,25,100,2,29
558,10,3,-1,-1,150,5,10,10,25,100,2,29
559,11,1,-1,-1,150,5,10,10,35,100,2,29
560,11,2,-1,-1,150,5,10,10,35,100,2,29
561,11,3,-1,-1,150,5,10,10,35,100,2,29
562,12,1,-1,-1,150,5,10,10,45,100,2,29
563,12,2,-1,-1,150,5,10,10,45,100,2,29
564,12,3,-1,-1,150,5,10,10,45,100,2,29
565,13,1,-1,-1,200,5,10,10,15,100,2,29
566,13,2,-1,-1,200,5,10,10,15,100,2,29
567,13,3,-1,-1,200,5,10,10,15,100,2,29
568,14,1,-1,-1,200,5,10,10,25,100,2,29
569,14,2,-1,-1,200,5,10,10,25,100,2,29
570,14,3,-1,-1,200,5,10,10,25,100,2,29
571,15,1,-1,-1,200,5,10,10,35,100,2,29
572,15,2,-1,-1,200,5,10,10,35,100,2,29
573,15,3,-1,-1,200,5,10,10,35,100,2,29
574,16,1,-1,-1,200,5,10,10,45,100,2,29
575,16,2,-1,-1,200,5,10,10,45,100,2,29
576,16,3,-1,-1,200,5,10,10,45,100,2,29
577,1,1,-1,-1,50,5,10,10,15,100,3,29
578,1,2,-1,-1,50,5,10,10,15,100,3,29
579,1,3,-1,-1,50,5,10,10,15,100,3,29
580,2,1,-1,-1,50,5,10,10,25,100,3,29
581,2,2,-1,-1,50,5,10,10,25,100,3,29
582,2,3,-1,-1,50,5,10,10,25,100,3,29
583,3,1,-1,-1,50,5,10,10,35,100,3,29
584,3,2,-1,-1,50,5,10,10,35,100,3,29
585,3,3,-1,-1,50,5,10,10,35,100,3,29
586,4,1,-1,-1,50,5,10,10,45,100,3,29
587,4,2,-1,-1,50,5,10,10,45,100,3,29
588,4,3,-1,-1,50,5,10,10,45,100,3,29
589,5,1,-1,-1,100,5,10,10,15,100,3,29
590,5,2,-1,-1,100,5,10,10,15,100,3,29
591,5,3,-1,-1,100,5,10,10,15,100,3,29
592,6,1,-1,-1,100,5,10,10,25,100,3,29
593,6,2,-1,-1,100,5,10,10,25,100,3,29
594,6,3,-1,-1,100,5,10,10,25,100,3,29
595,7,1,-1,-1,100,5,10,10,35,100,3,29
596,7,2,-1,-1,100,5,10,10,35,100,3,29
597,7,3,-1,-1,100,5,10,10,35,100,3,29
598,8,1,-1,-1,100,5,10,10,45,100,3,29
599,8,2,-1,-1,100,5,10,10,45,100,3,29
600,8,3,-1,-1,100,5,10,10,45,100,3,29
601,9,1,-1,-1,150,5,10,10,15,100,3,29
602,9,2,-1,-1,150,5,10,10,15,100,3,29
603,9,3,-1,-1,150,5,10,10,15,100,3,29
604,10,1,-1,-1,150,5,10,10,25,100,3,29
605,10,2,-1,-1,150,5,10,10,25,100,3,29
606,10,3,-1,-1,150,5,10,10,25,100,3,29
607,11,1,-1,-1,150,5,10,10,35,100,3,29
608,11,2,-1,-1,150,5,10,10,35,100,3,29
609,11,3,-1,-1,150,5,10,10,35,100,3,29
610,12,1,-1,-1,150,5,10,10,45,100,3,29
611,12,2,-1,-1,150,5,10,10,45,100,3,29
612,12,3,-1,-1,150,5,10,10,45,100,3,29
613,13,1,-1,-1,200,5,10,10,15,100,3,29
614,13,2,-1,-1,200,5,10,10,15,100,3,29
615,13,3,-1,-1,200,5,10,10,15,100,3,29
616,14,1,-1,-1,200,5,10,10,25,100,3,29
617,14,2,-1,-1,200,5,10,10,25,100,3,29
618,14,3,-1,-1,200,5,10,10,25,100,3,29
619,15,1,-1,-1,200,5,10,10,35,100,3,29
620,15,2,-1,-1,200,5,10,10,35,100,3,29
621,15,3,-1,-1,200,5,10,10,35,100,3,29
622,16,1,-1,-1,200,5,10,10,45,100,3,29
623,16,2,-1,-1,200,5,10,10,45,100,3,29
624,16,3,-1,-1,200,5,10,10,45,100,3,29
625,1,1,-1,-1,50,5,10,10,15,100,4,29
626,1,2,-1,-1,50,5,10,10,15,100,4,29
627,1,3,-1,-1,50,5,10,10,15,100,4,29
628,2,1,-1,-1,50,5,10,10,25,100,4,29
629,2,2,-1,-1,50,5,10,10,25,100,4,29
630,2,3,-1,-1,50,5,10,10,25,100,4,29
631,3,1,-1,-1,50,5,10,10,35,100,4,29
632,3,2,-1,-1,50,5,10,10,35,100,4,29
633,3,3,-1,-1,50,5,10,10,35,100,4,29
634,4,1,-1,-1,50,5,10,10,45,100,4,29
635,4,2,-1,-1,50,5,10,10,45,100,4,29
636,4,3,-1,-1,50,5,10,10,45,100,4,29
637,5,1,-1,-1,100,5,10,10,15,100,4,29
638,5,2,-1,-1,100,5,10,10,15,100,4,29
639,5,3,-1,-1,100,5,10,10,15,100,4,29
640,6,1,-1,-1,100,5,10,10,25,100,4,29
641,6,2,-1,-1,100,5,10,10,25,100,4,29
642,6,3,-1,-1,100,5,10,10,25,100,4,29
643,7,1,-1,-1,100,5,10,10,35,100,4,29
644,7,2,-1,-1,100,5,10,10,35,100,4,29
645,7,3,-1,-1,100,5,10,10,35,100,4,29
646,8,1,-1,-1,100,5,10,10,45,100,4,29
647,8,2,-1,-1,100,5,10,10,45,100,4,29
648,8,3,-1,-1,100,5,10,10,45,100,4,29
649,9,1,-1,-1,150,5,10,10,15,100,4,29
650,9,2,-1,-1,150,5,10,10,15,100,4,29
651,9,3,-1,-1,150,5,10,10,15,100,4,29
652,10,1,-1,-1,150,5,10,10,25,100,4,29
653,10,2,-1,-1,150,5,10,10,25,100,4,29
654,10,3,-1,-1,150,5,10,10,25,100,4,29
655,11,1,-1,-1,150,5,10,10,35,100,4,29
656,11,2,-1,-1,150,5,10,10,35,100,4,29
657,11,3,-1,-1,150,5,10,10,35,100,4,29
658,12,1,-1,-1,150,5,10,10,45,100,4,29
659,12,2,-1,-1,150,5,10,10,45,100,4,29
660,12,3,-1,-1,150,5,10,10,45,100,4,29
661,13,1,-1,-1,200,5,10,10,15,100,4,29
662,13,2,-1,-1,200,5,10,10,15,100,4,29
663,13,3,-1,-1,200,5,10,10,15,100,4,29
664,14,1,-1,-1,200,5,10,10,25,100,4,29
665,14,2,-1,-1,200,5,10,10,25,100,4,29
666,14,3,-1,-1,200,5,10,10,25,100,4,29
667,15,1,-1,-1,200,5,10,10,35,100,4,29
668,15,2,-1,-1,200,5,10,10,35,100,4,29
669,15,3,-1,-1,200,5,10,10,35,100,4,29
670,16,1,-1,-1,200,5,10,10,45,100,4,29
671,16,2,-1,-1,200,5,10,10,45,100,4,29
672,16,3,-1,-1,200,5,10,10,45,100,4,29
673,1,1,-1,-1,50,5,10,10,15,100,5,29
674,1,2,-1,-1,50,5,10,10,15,100,5,29
675,1,3,-1,-1,50,5,10,10,15,100,5,29
676,2,1,-1,-1,50,5,10,10,25,100,5,29
677,2,2,-1,-1,50,5,10,10,25,100,5,29
678,2,3,-1,-1,50,5,10,10,25,100,5,29
679,3,1,-1,-1,50,5,10,10,35,100,5,29
680,3,2,-1,-1,50,5,10,10,35,100,5,29
681,3,3,-1,-1,50,5,10,10,35,100,5,29
682,4,1,-1,-1,50,5,10,10,45,100,5,29
683,4,2,-1,-1,50,5,10,10,45,100,5,29
684,4,3,-1,-1,50,5,10,10,45,100,5,29
685,5,1,-1,-1,100,5,10,10,15,100,5,29
686,5,2,-1,-1,100,5,10,10,15,100,5,29
687,5,3,-1,-1,100,5,10,10,15,100,5,29
688,6,1,-1,-1,100,5,10,10,25,100,5,29
689,6,2,-1,-1,100,5,10,10,25,100,5,29
690,6,3,-1,-1,100,5,10,10,25,100,5,29
691,7,1,-1,-1,100,5,10,10,35,100,5,29
692,7,2,-1,-1,100,5,10,10,35,100,5,29
693,7,3,-1,-1,100,5,10,10,35,100,5,29
694,8,1,-1,-1,100,5,10,10,45,100,5,29
695,8,2,-1,-1,100,5,10,10,45,100,5,29
696,8,3,-1,-1,100,5,10,10,45,100,5,29
697,9,1,-1,-1,150,5,10,10,15,100,5,29
698,9,2,-1,-1,150,5,10,10,15,100,5,29
699,9,3,-1,-1,150,5,10,10,15,100,5,29
700,10,1,-1,-1,150,5,10,10,25,100,5,29
701,10,2,-1,-1,150,5,10,10,25,100,5,29
702,10,3,-1,-1,150,5,10,10,25,100,5,29
703,11,1,-1,-1,150,5,10,10,35,100,5,29
704,11,2,-1,-1,150,5,10,10,35,100,5,29
705,11,3,-1,-1,150,5,10,10,35,100,5,29
706,12,1,-1,-1,150,5,10,10,45,100,5,29
707,12,2,-1,-1,150,5,10,10,45,100,5,29
708,12,3,-1,-1,150,5,10,10,45,100,5,29
709,13,1,-1,-1,200,5,10,10,15,100,5,29
710,13,2,-1,-1,200,5,10,10,15,100,5,29
711,13,3,-1,-1,200,5,10,10,15,100,5,29
712,14,1,-1,-1,200,5,10,10,25,100,5,29
713,14,2,-1,-1,200,5,10,10,25,100,5,29
714,14,3,-1,-1,200,5,10,10,25,100,5,29
715,15,1,-1,-1,200,5,10,10,35,100,5,29
716,15,2,-1,-1,200,5,10,10,35,100,5,29
717,15,3,-1,-1,200,5,10,10,35,100,5,29
718,16,1,-1,-1,200,5,10,10,45,100,5,29
719,16,2,-1,-1,200,5,10,10,45,100,5,29
720,16,3,-1,-1,200,5,10,10,45,100,5,29
